﻿模板名(控制台用),中文名(官方/推断),显示名(英文),功能分类,主属性/效果,Cost金币,稀有度,配方匹配,ItemSubType,唯一,来源文件
AttackGem,攻击宝石(推断),,攻击/伤害宝石,DamageBonus=1,250,,AttackGem,1,,DefaultGems.ini
AttackGemIn,攻击宝石·合成原料(推断),,攻击/伤害宝石,DamageBonus=150,275000,,AttackGem,1,,DefaultGems.ini
AttackGemOut,攻击宝石·合成产物(推断),,攻击/伤害宝石,DamageBonus=150,230000,,AttackGem,1,,DefaultGems.ini
UberAttackGem,稀有攻击宝石,RARE ATTACK GEM,攻击/伤害宝石,DamageBonus=250,5000000,100,,1,true,DefaultGems.ini
HealthGem,生命宝石(推断),,生命宝石,HealthBonus=1,225,,HealthGem,1,,DefaultGems.ini
HealthGemIn,生命宝石·合成原料(推断),,生命宝石,HealthBonus=45,295000,,HealthGem,1,,DefaultGems.ini
HealthGemOut,生命宝石·合成产物(推断),,生命宝石,HealthBonus=45,215000,,HealthGem,1,,DefaultGems.ini
UberHealthGem,稀有健康宝石,RARE HEALTH GEM,生命宝石,HealthBonus=60,4000000,100,,1,true,DefaultGems.ini
ShieldGem,盾牌宝石(推断),,盾牌宝石,ShieldBonus=1,200,,ShieldGem,1,,DefaultGems.ini
ShieldGemIn,盾牌宝石·合成原料(推断),,盾牌宝石,ShieldBonus=50,280000,,ShieldGem,1,,DefaultGems.ini
ShieldGemOut,盾牌宝石·合成产物(推断),,盾牌宝石,ShieldBonus=50,160000,,ShieldGem,1,,DefaultGems.ini
UberShieldGem,稀有防护宝石,RARE SHIELD GEM,盾牌宝石,ShieldBonus=75,3000000,100,,1,true,DefaultGems.ini
MagicGem,魔法宝石(推断),,魔法宝石,MagicBonus=1,180,,MagicGem,1,,DefaultGems.ini
MagicGemIn,魔法宝石·合成原料(推断),,魔法宝石,MagicBonus=150,240000,,MagicGem,1,,DefaultGems.ini
MagicGemOut,魔法宝石·合成产物(推断),,魔法宝石,MagicBonus=150,140000,,MagicGem,1,,DefaultGems.ini
UberMagicGem,稀有魔法宝石,RARE MAGIC GEM,魔法宝石,MagicBonus=250,4500000,100,,1,true,DefaultGems.ini
FireGem,火焰宝石(推断),,元素宝石(Fire),FireBonus=1,300,,FireGem,2,,DefaultGems.ini
FireGemIn,火焰宝石·合成原料(推断),,元素宝石(Fire),FireBonus=300,350000,,FireGem,2,,DefaultGems.ini
FireGemOut,火焰宝石·合成产物(推断),,元素宝石(Fire),FireBonus=300,275000,,FireGem,2,,DefaultGems.ini
UberFireGem,稀有火焰宝石,RARE FIRE GEM,元素宝石(Fire),FireBonus=500,8000000,100,,2,true,DefaultGems.ini
IceGem,冰霜宝石(推断),,元素宝石(Ice),IceBonus=1,300,,IceGem,2,,DefaultGems.ini
IceGemIn,冰霜宝石·合成原料(推断),,元素宝石(Ice),IceBonus=300,350000,,IceGem,2,,DefaultGems.ini
IceGemOut,冰霜宝石·合成产物(推断),,元素宝石(Ice),IceBonus=300,275000,,IceGem,2,,DefaultGems.ini
UberIceGem,稀有冰霜宝石,RARE ICE GEM,元素宝石(Ice),IceBonus=500,8000000,100,,2,true,DefaultGems.ini
ElecGem,闪电宝石(推断),,元素宝石(Elec),ElecBonus=1,300,,ElecGem,2,,DefaultGems.ini
ElecGemIn,闪电宝石·合成原料(推断),,元素宝石(Elec),ElecBonus=300,350000,,ElecGem,2,,DefaultGems.ini
ElecGemOut,闪电宝石·合成产物(推断),,元素宝石(Elec),ElecBonus=300,275000,,ElecGem,2,,DefaultGems.ini
UberElecGem,稀有震动宝石,RARE SHOCK GEM,元素宝石(Elec),ElecBonus=500,8000000,100,,2,true,DefaultGems.ini
PoisonGem,剧毒宝石(推断),,元素宝石(Poison),PoisonBonus=1,300,,PoisonGem,2,,DefaultGems.ini
PoisonGemIn,剧毒宝石·合成原料(推断),,元素宝石(Poison),PoisonBonus=300,350000,,PoisonGem,2,,DefaultGems.ini
PoisonGemOut,剧毒宝石·合成产物(推断),,元素宝石(Poison),PoisonBonus=300,275000,,PoisonGem,2,,DefaultGems.ini
UberPoisonGem,稀有毒液宝石,RARE POISON GEM,元素宝石(Poison),PoisonBonus=500,8000000,100,,2,true,DefaultGems.ini
LightGem,光辉宝石(推断),,元素宝石(Light),LightBonus=1,300,,LightGem,2,,DefaultGems.ini
LightGemIn,光辉宝石·合成原料(推断),,元素宝石(Light),LightBonus=300,350000,,LightGem,2,,DefaultGems.ini
LightGemOut,光辉宝石·合成产物(推断),,元素宝石(Light),LightBonus=300,275000,,LightGem,2,,DefaultGems.ini
UberLightGem,稀有明亮宝石,RARE BRIGHT GEM,元素宝石(Light),LightBonus=500,8000000,100,,2,true,DefaultGems.ini
DarkGem,暗黑宝石(推断),,元素宝石(Dark),DarkBonus=1,300,,DarkGem,2,,DefaultGems.ini
DarkGemIn,暗黑宝石·合成原料(推断),,元素宝石(Dark),DarkBonus=300,350000,,DarkGem,2,,DefaultGems.ini
DarkGemOut,暗黑宝石·合成产物(推断),,元素宝石(Dark),DarkBonus=300,275000,,DarkGem,2,,DefaultGems.ini
UberDarkGem,稀有暗宝石,RARE DARK GEM,元素宝石(Dark),DarkBonus=500,8000000,100,,2,true,DefaultGems.ini
WaterGem,水流宝石(推断),,元素宝石(Water),WaterBonus=1,300,,WaterGem,2,,DefaultGems.ini
WaterGemIn,水流宝石·合成原料(推断),,元素宝石(Water),WaterBonus=300,350000,,WaterGem,2,,DefaultGems.ini
WaterGemOut,水流宝石·合成产物(推断),,元素宝石(Water),WaterBonus=300,275000,,WaterGem,2,,DefaultGems.ini
UberWaterGem,稀有水宝石,RARE WATER GEM,元素宝石(Water),WaterBonus=500,8000000,100,,2,true,DefaultGems.ini
WindGem,风暴宝石(推断),,元素宝石(Wind),WindBonus=1,300,,WindGem,2,,DefaultGems.ini
WindGemIn,风暴宝石·合成原料(推断),,元素宝石(Wind),WindBonus=300,350000,,WindGem,2,,DefaultGems.ini
WindGemOut,风暴宝石·合成产物(推断),,元素宝石(Wind),WindBonus=300,275000,,WindGem,2,,DefaultGems.ini
UberWindGem,稀有风宝石,RARE WIND GEM,元素宝石(Wind),WindBonus=500,8000000,100,,2,true,DefaultGems.ini
UberElementalAttackGem,稀有暗火宝石,RARE DARKFIRE GEM,稀有元素宝石,,9000000,100,,2,true,DefaultGems.ini
RainbowElementalAttackGem,稀有光谱宝石,RARE SPECTRUM GEM,稀有元素宝石,,9000000,100,,2,true,DefaultGems.ini
UberElementalAttackGem_100,稀有暗火宝石,RARE DARKFIRE GEM,稀有元素宝石,,10000000,100,,2,true,DefaultGems.ini
RainbowElementalAttackGem_100,稀有光谱宝石,RARE SPECTRUM GEM,稀有元素宝石,,10000000,100,,2,true,DefaultGems.ini
StabAttackGem,突刺攻击宝石(推断),,特效宝石(BattleEffect),"BattleEffectValue=10, 对Boss额外伤害 · 突刺时",225,,,2,,DefaultGems.ini
SlashAttackGem,挥砍攻击宝石(推断),,特效宝石(BattleEffect),"BattleEffectValue=10, 对Boss额外伤害 · BT_On2HSlash",275,,,2,,DefaultGems.ini
ParryChargeGem,招架充能宝石(推断),,特效宝石(BattleEffect),"BattleEffectValue=10, 受击伤害充能 · 招架时",6500,,,2,,DefaultGems.ini
BlockChargeGem,格挡充能宝石(推断),,特效宝石(BattleEffect),"BattleEffectValue=10, 受击伤害充能 · 格挡时",2500,,,2,,DefaultGems.ini
DodgeChargeGem,闪避充能宝石(推断),,特效宝石(BattleEffect),"BattleEffectValue=10, 受击伤害充能 · 闪避时",1500,,,2,,DefaultGems.ini
Gem3_1,圆形宝石1(推断),,元素宝石(Fire),"FireBonus=1, 玩家元素防御",5000,,,3,TRUE,DefaultGems.ini
Gem3_2,圆形宝石2(推断),,元素宝石(Ice),"IceBonus=1, 玩家元素防御",5000,,,3,TRUE,DefaultGems.ini
Gem3_3,圆形宝石3(推断),,元素宝石(Elec),"ElecBonus=1, 玩家元素防御",5000,,,3,TRUE,DefaultGems.ini
Gem3_4,圆形宝石4(推断),,元素宝石(Poison),"PoisonBonus=1, 玩家元素防御",5000,,,3,TRUE,DefaultGems.ini
Gem3_5,圆形宝石5(推断),,元素宝石(Light),"LightBonus=1, 玩家元素防御",5000,,,3,TRUE,DefaultGems.ini
Gem3_6,圆形宝石6(推断),,元素宝石(Dark),"DarkBonus=1, 玩家元素防御",5000,,,3,TRUE,DefaultGems.ini
Gem3_7,圆形宝石7(推断),,元素宝石(Water),"WaterBonus=1, 玩家元素防御",5000,,,3,TRUE,DefaultGems.ini
Gem3_8,圆形宝石8(推断),,元素宝石(Wind),"WindBonus=1, 玩家元素防御",5000,,,3,TRUE,DefaultGems.ini
UberElementalGemMax,稀有元素宝石(最大)(推断),,稀有元素宝石,"BattleEffectValue=100, 玩家元素防御",150000,100,,3,TRUE,DefaultGems.ini
UberElementalGem1,稀有元素宝石1(推断),,稀有元素宝石,"BattleEffectValue=5, 玩家元素防御",10000,100,,3,TRUE,DefaultGems.ini
UberElementalGem2,稀有元素宝石2(推断),,稀有元素宝石,"BattleEffectValue=10, 玩家元素防御",20000,100,,3,TRUE,DefaultGems.ini
UberElementalGem3,稀有元素宝石3(推断),,稀有元素宝石,"BattleEffectValue=25, 玩家元素防御",40000,100,,3,TRUE,DefaultGems.ini
UberElementalGem4,稀有元素宝石4(推断),,稀有元素宝石,"BattleEffectValue=50, 玩家元素防御",80000,100,,3,TRUE,DefaultGems.ini
ItemDropGem_1,物品掉落宝石 #1(推断),,特效宝石(BattleEffect),"BattleEffectValue=2.0, 世界掉落率 · 被动",2000,,,3,,DefaultGems.ini
ItemDropGem_2,物品掉落宝石 #2(推断),,特效宝石(BattleEffect),"BattleEffectValue=2.0, 世界掉落率 · 被动",3000,,,3,,DefaultGems.ini
ItemDropGem_3,物品掉落宝石 #3(推断),,特效宝石(BattleEffect),"BattleEffectValue=2.0, 世界掉落率 · 被动",1000,,,3,,DefaultGems.ini
ItemDropGem_4,物品掉落宝石 #4(推断),,特效宝石(BattleEffect),"BattleEffectValue=1.5, 世界掉落率 · 被动",3000,,,3,,DefaultGems.ini
DragonFightGem_1,龙战宝石 #1(推断),,特效宝石(BattleEffect),"BattleEffectValue=5, 龙战时长+ · 被动",60000,,,3,,DefaultGems.ini
BlockGem_1,格挡宝石 #1(推断),,特效宝石(BattleEffect),"BattleEffectValue=10, 对Boss额外伤害 · 格挡时",2000,,,4,,DefaultGems.ini
BlockGem_2,格挡宝石 #2(推断),,特效宝石(BattleEffect),"BattleEffectValue=10, 获得生命 · 格挡时",3500,,,4,,DefaultGems.ini
PerfectBlockGem_1,完美格挡宝石 #1(推断),,特效宝石(BattleEffect),"BattleEffectValue=50, 对Boss额外伤害 · 完美格挡时",1500,,,4,,DefaultGems.ini
PerfectBlockGem_2,完美格挡宝石 #2(推断),,特效宝石(BattleEffect),"BattleEffectValue=25, 获得生命 · 完美格挡时",1500,,,4,,DefaultGems.ini
ScratchGem_1,磨削宝石 #1(推断),,特效宝石(BattleEffect),"BattleEffectValue=10, 获得金币 · 磨削时",50000,,,4,,DefaultGems.ini
ScratchGem_2,磨削宝石 #2(推断),,特效宝石(BattleEffect),"BattleEffectValue=10, 获得生命 · 磨削时",2000,,,4,,DefaultGems.ini
GloryModeHitGem_1,荣耀模式命中宝石 #1(推断),,特效宝石(BattleEffect),"BattleEffectValue=100, 获得金币 · 荣耀模式命中时",75000,,,4,,DefaultGems.ini
GloryModeHitGem_2,荣耀模式命中宝石 #2(推断),,特效宝石(BattleEffect),"BattleEffectValue=25, 获得经验 · 荣耀模式命中时",35000,,,4,,DefaultGems.ini
GloryModeHitGem_3,荣耀模式命中宝石 #3(推断),,特效宝石(BattleEffect),"BattleEffectValue=25, 获得生命 · 荣耀模式命中时",5000,,,4,,DefaultGems.ini
ComboGem_1,连击宝石 #1(推断),,特效宝石(BattleEffect),"BattleEffectValue=2, 获得护盾 · 连击时",2000,,,4,,DefaultGems.ini
ComboGem_2,连击宝石 #2(推断),,特效宝石(BattleEffect),"BattleEffectValue=10, 获得生命 · 连击时",1000,,,4,,DefaultGems.ini
BonusComboGem_1,奖励连击宝石 #1(推断),,特效宝石(BattleEffect),"BattleEffectValue=2, 获得护盾 · 奖励连击时",1000,,,4,,DefaultGems.ini
BonusComboGem_2,奖励连击宝石 #2(推断),,特效宝石(BattleEffect),"BattleEffectValue=20, 获得生命 · 奖励连击时",1250,,,4,,DefaultGems.ini
BonusComboGem_3,奖励连击宝石 #3(推断),,特效宝石(BattleEffect),"BattleEffectValue=50, 获得金币 · 奖励连击时",250000,,,4,,DefaultGems.ini
BonusComboGem_4,奖励连击宝石 #4(推断),,特效宝石(BattleEffect),"BattleEffectValue=25, 获得经验 · 奖励连击时",25000,,,4,,DefaultGems.ini
BonusComboGem_5,奖励连击宝石 #5(推断),,特效宝石(BattleEffect),"BattleEffectValue=0.02, 大招充能 · 奖励连击时",300000,,,4,,DefaultGems.ini
BonusComboGem_6,奖励连击宝石 #6(推断),,特效宝石(BattleEffect),"BattleEffectValue=0.02, 魔法充能 · 奖励连击时",150000,,,4,,DefaultGems.ini
ParryGem_1,招架宝石 #1(推断),,特效宝石(BattleEffect),"BattleEffectValue=25, 获得生命 · 招架时",4000,,,4,,DefaultGems.ini
ParryGem_2,招架宝石 #2(推断),,特效宝石(BattleEffect),"BattleEffectValue=25, 对Boss额外伤害 · 招架时",6000,,,4,,DefaultGems.ini
GreatParryAllGem,完美招架全部宝石(推断),,特效宝石(BattleEffect),"BattleEffectValue=1, 完美招架次数+ · 被动",12500000,,,4,TRUE,DefaultGems.ini
PerfectParryGem_1,完美招架宝石 #1(推断),,特效宝石(BattleEffect),"BattleEffectValue=100, 获得生命 · 完美招架时",3000,,PerfectParryGem_1,4,,DefaultGems.ini
PerfectParryGem_2,完美招架宝石 #2(推断),,特效宝石(BattleEffect),"BattleEffectValue=100, 对Boss额外伤害 · 完美招架时",3000,,PerfectParryGem_1,4,,DefaultGems.ini
HitGem_1,命中宝石 #1(推断),,特效宝石(BattleEffect),"BattleEffectValue=10, 获得生命 · 命中时",10000,,,4,,DefaultGems.ini
FinalHitGem_1,终结命中宝石 #1(推断),,特效宝石(BattleEffect),"BattleEffectValue=50, 对Boss额外伤害 · 终结技命中时",3500,,,4,,DefaultGems.ini
FinalHitGem_2,终结命中宝石 #2(推断),,特效宝石(BattleEffect),"BattleEffectValue=100, 获得生命 · 终结技命中时",2500,,,4,,DefaultGems.ini
FinalHitGem_3,终结命中宝石 #3(推断),,特效宝石(BattleEffect),"BattleEffectValue=75, 获得金币 · 终结技命中时",125000,,,4,,DefaultGems.ini
FinalHitGem_4,终结命中宝石 #4(推断),,特效宝石(BattleEffect),"BattleEffectValue=50, 获得经验 · 终结技命中时",27500,,,4,,DefaultGems.ini
FinalHitGem_5,终结命中宝石 #5(推断),,特效宝石(BattleEffect),"BattleEffectValue=0.02, 魔法充能 · 终结技命中时",175000,,,4,,DefaultGems.ini
BreakBossForHealthGem_1,破Boss回血宝石 #1(推断),,特效宝石(BattleEffect),"BattleEffectValue=10, 获得生命 · 击破Boss时",1000,,,4,,DefaultGems.ini
BreakBossHitWindow_1,破Boss破绽窗口宝石 #1(推断),,特效宝石(BattleEffect),"BattleEffectValue=1, BE_BossHitWindow1Off · 击破Boss时",82000,,,4,,DefaultGems.ini
BreakBossGetMagic_1,破Boss得魔法宝石 #1(推断),,特效宝石(BattleEffect),"BattleEffectValue=0.02, 魔法充能 · 击破Boss时",770000,,,4,,DefaultGems.ini
BreakBossGetSuper_1,破Boss得大招宝石 #1(推断),,特效宝石(BattleEffect),"BattleEffectValue=0.02, 大招充能 · 击破Boss时",980000,,,4,,DefaultGems.ini
GlobalScaleGoldGem_1,全局金币加成宝石 #1(推断),,特效宝石(BattleEffect),"BattleEffectValue=0.05, 世界金币% · 被动",1000,,,5,,DefaultGems.ini
GlobalScaleXPGem_1,全局经验加成宝石 #1(推断),,特效宝石(BattleEffect),"BattleEffectValue=0.25, 世界经验% · 被动",2000,,,5,,DefaultGems.ini
GlobalScaleRareGem_1,全局稀有加成宝石 #1(推断),,特效宝石(BattleEffect),"BattleEffectValue=0.05, 世界稀有物品% · 被动",5000,,,5,,DefaultGems.ini
UberBossGem_1,稀有Boss宝石 #1(推断),,特效宝石(BattleEffect),"BattleEffectValue=1, 时限Boss破绽 · 被动",25000,,,5,TRUE,DefaultGems.ini
UberBossGem_2,稀有Boss宝石 #2(推断),,特效宝石(BattleEffect),"BattleEffectValue=2, 时限Boss破绽 · 被动",50000,,,5,TRUE,DefaultGems.ini
UberBossGem_3,稀有Boss宝石 #3(推断),,特效宝石(BattleEffect),"BattleEffectValue=3.0, Boss眩晕 · 完美招架时",100000,,,5,TRUE,DefaultGems.ini
UberMagic_1,稀有魔法宝石1(推断),,特效宝石(BattleEffect),"BattleEffectValue=10, 获得护盾 · 施放魔法时",2500,,,5,,DefaultGems.ini
UberMagic_2,稀有魔法宝石2(推断),,特效宝石(BattleEffect),"BattleEffectValue=100, 获得生命 · 施放魔法时",5000,,,5,,DefaultGems.ini
UberGoldGem,稀有黄金宝石,RARE GOLD GEM,特效宝石(BattleEffect),"BattleEffectValue=1000, 获得金币 · 命中时",20000000,100,,5,TRUE,DefaultGems.ini
UberXPGem,稀有经验宝石,RARE XP GEM,特效宝石(BattleEffect),"BattleEffectValue=1000, 获得经验 · 命中时",50000,100,,5,TRUE,DefaultGems.ini
UberSwitchClass,稀有换武器宝石(推断),,特效宝石(BattleEffect),切换武器类型 · 释放大招时,250000,,,5,TRUE,DefaultGems.ini
UberTakeHitGem_1,稀有受击宝石 #1(推断),,特效宝石(BattleEffect),切换武器类型 · 被泰坦击中时,850000,,,5,TRUE,DefaultGems.ini
UberTakeHitGem_2,稀有受击宝石 #2(推断),,特效宝石(BattleEffect),"BattleEffectValue=0.02, 魔法充能 · 被泰坦击中时",50000,,,5,,DefaultGems.ini
UberTakeHitGem_3,稀有受击宝石 #3(推断),,特效宝石(BattleEffect),"BattleEffectValue=0.02, 大招充能 · 被泰坦击中时",80000,,,5,,DefaultGems.ini
BonusComboLenGem,奖励连击长度宝石(推断),,特效宝石(BattleEffect),"BattleEffectValue=1, 奖励连击上限+ · 被动",12555000,,,5,true,DefaultGems.ini
BossBoostGem,Boss强化宝石(推断),,特效宝石(BattleEffect),"BattleEffectValue=25, Boss等级+",7500,,,5,,DefaultGems.ini
UberBossBoostGem,稀有Boss强化宝石(推断),,特效宝石(BattleEffect),"BattleEffectValue=1000, Boss等级+",15000000,100,,5,true,DefaultGems.ini
LightGem_1,光辉宝石 #1(推断),,特效宝石(BattleEffect),"BattleEffectValue=100, 获得生命 · BT_OnCombo5",3000,,,6,,DefaultGems.ini
LightGem_2,光辉宝石 #2(推断),,特效宝石(BattleEffect),"BattleEffectValue=25, 获得金币 · BT_OnCombo4",40000,,,6,,DefaultGems.ini
LightGem_3,光辉宝石 #3(推断),,特效宝石(BattleEffect),"BattleEffectValue=1, 连击后重击 · BT_OnCombo5",300000,,,6,TRUE,DefaultGems.ini
LightGem_4,光辉宝石 #4(推断),,特效宝石(BattleEffect),"BattleEffectValue=1, 时限内全格挡有效 · BT_OnCombo4",250000,,,6,TRUE,DefaultGems.ini
LightGem_5,光辉宝石 #5(推断),,特效宝石(BattleEffect),"BattleEffectValue=0.90, Boss攻速修改 · 被动",750000,,,6,TRUE,DefaultGems.ini
LightGem_6,光辉宝石 #6(推断),,特效宝石(BattleEffect),"BattleEffectValue=0.80, Boss攻速修改 · 被动",2500000,,,6,TRUE,DefaultGems.ini
LightGemMagic,光辉宝石Magic(推断),,特效宝石(BattleEffect),"BattleEffectValue=0.05, 魔法充能 · 完美招架时",500000,,,6,TRUE,DefaultGems.ini
UberParryChargeGem,稀有招架充能宝石(推断),,特效宝石(BattleEffect),"BattleEffectValue=10, 受击伤害充能 · 招架时",12500,,,6,,DefaultGems.ini
HeavyGem_1,重击宝石1(推断),,特效宝石(BattleEffect),"BattleEffectValue=50, 获得生命 · BT_On2HSlash",3000,,,7,,DefaultGems.ini
HeavyGem_2,重击宝石2(推断),,特效宝石(BattleEffect),"BattleEffectValue=25, 获得金币 · BT_On2HSlash",60000,,,7,,DefaultGems.ini
HeavyGem_3,重击宝石3(推断),,特效宝石(BattleEffect),"BattleEffectValue=10, 获得经验 · BT_On2HSlash",50000,,,7,,DefaultGems.ini
HeavyGem_4,重击宝石4(推断),,特效宝石(BattleEffect),"BattleEffectValue=25, 对Boss额外伤害 · 格挡时",2500,,,7,,DefaultGems.ini
HeavyGem_5,重击宝石5(推断),,特效宝石(BattleEffect),"BattleEffectValue=75, 对Boss额外伤害 · 完美格挡时",1250,,,7,,DefaultGems.ini
HeavyGem_6,重击宝石6(推断),,特效宝石(BattleEffect),"BattleEffectValue=1.0, 连击挥砍数修改 · 被动",2500000,,,7,TRUE,DefaultGems.ini
HeavyGem_7,重击宝石7(推断),,特效宝石(BattleEffect),"BattleEffectValue=0.90, Boss攻速修改 · 被动",750000,,,7,TRUE,DefaultGems.ini
HeavyGem_8,重击宝石8(推断),,特效宝石(BattleEffect),"BattleEffectValue=0.80, Boss攻速修改 · 被动",2500000,,,7,TRUE,DefaultGems.ini
HeavyGemMagic,重击宝石(魔法)(推断),,特效宝石(BattleEffect),"BattleEffectValue=0.05, 魔法充能 · 完美格挡时",500000,,,7,TRUE,DefaultGems.ini
UberBlockChargeGem,稀有格挡充能宝石(推断),,特效宝石(BattleEffect),"BattleEffectValue=75, 受击伤害充能 · 格挡时",9500,,,7,,DefaultGems.ini
DualGem_1,双重宝石1(推断),,特效宝石(BattleEffect),"BattleEffectValue=10, 获得经验 · 招架时",35000,,,8,,DefaultGems.ini
DualGem_2,双重宝石2(推断),,特效宝石(BattleEffect),"BattleEffectValue=25, 获得金币 · 突刺时",40000,,,8,,DefaultGems.ini
DualGem_3,双重宝石3(推断),,特效宝石(BattleEffect),"BattleEffectValue=1, 时限Boss破绽 · 施放魔法时",250000,,,8,TRUE,DefaultGems.ini
DualGem_4,双重宝石4(推断),,特效宝石(BattleEffect),"BattleEffectValue=100, 获得经验 · 施放魔法时",10000,,,8,,DefaultGems.ini
DualGem_5,双重宝石5(推断),,特效宝石(BattleEffect),"BattleEffectValue=0.90, Boss攻速修改 · 被动",750000,,,8,TRUE,DefaultGems.ini
DualGem_6,双重宝石6(推断),,特效宝石(BattleEffect),"BattleEffectValue=0.80, Boss攻速修改 · 被动",2500000,,,8,TRUE,DefaultGems.ini
DualGem_7,双重宝石7(推断),,特效宝石(BattleEffect),"BattleEffectValue=50, 获得生命 · 突刺时",2000,,,8,,DefaultGems.ini
DualGem_8,双重宝石8(推断),,特效宝石(BattleEffect),"BattleEffectValue=25, 对Boss额外伤害 · 突刺时",4000,,,8,,DefaultGems.ini
DualGemMagic,双重宝石(魔法)(推断),,特效宝石(BattleEffect),"BattleEffectValue=0.05, 魔法充能 · 闪避时",500000,,,8,TRUE,DefaultGems.ini
UberDodgeChargeGem,稀有闪避充能宝石(推断),,特效宝石(BattleEffect),"BattleEffectValue=40, 受击伤害充能 · 闪避时",11000,,,8,,DefaultGems.ini
Potion_HealthRegen,生命回复药剂宝石(推断),,特效宝石(BattleEffect),"BattleEffectValue=10, 获得生命",25000,,,,,DefaultGems.ini
Potion_ShieldRegen,护盾回复药剂宝石(推断),,特效宝石(BattleEffect),"BattleEffectValue=1, 获得护盾",80000,,,,,DefaultGems.ini
Potion_DoubleXP,双倍经验药剂宝石(推断),,特效宝石(BattleEffect),"BattleEffectValue=2.0, 世界经验%",200000,,,,TRUE,DefaultGems.ini
Potion_ParryAll,全招架药剂宝石(推断),,特效宝石(BattleEffect),"BattleEffectValue=1, 时限内全招架",250000,100,,,TRUE,DefaultGems.ini
Potion_BlockAll,全格挡药剂宝石(推断),,特效宝石(BattleEffect),"BattleEffectValue=1, 时限内全格挡有效",100000,,,,TRUE,DefaultGems.ini
Potion_ElementalDefense,元素防御药剂宝石(推断),,特效宝石(BattleEffect),"BattleEffectValue=100, 玩家元素防御",100000,100,,,TRUE,DefaultGems.ini
Potion_SecondChance,第二次机会药剂宝石(推断),,特效宝石(BattleEffect),"BattleEffectValue=1, 第二次机会次数+",650000,,,,TRUE,DefaultGems.ini
Potion_UnlimitedDodge,无限闪避药剂宝石(推断),,特效宝石(BattleEffect),"BattleEffectValue=5, 获得闪避",25000,,,,TRUE,DefaultGems.ini
Spawn_SmallGoldTouch,点金术(小额)(推断),,特效宝石(BattleEffect),"BattleEffectValue=8, 触摸宝藏生成 · 立即生效",100000,,,,TRUE,DefaultGems.ini
Spawn_LargeGoldTouch,点金术(大额)(推断),,特效宝石(BattleEffect),"BattleEffectValue=10, 触摸宝藏生成 · 立即生效",200000,,,,TRUE,DefaultGems.ini
Spawn_RandomTouch,随机触摸(推断),,特效宝石(BattleEffect),触摸宝藏生成 · 立即生效,300000,,,,TRUE,DefaultGems.ini
Spawn_RandomIngredientTouch,随机原料触摸(推断),,特效宝石(BattleEffect),"BattleEffectValue=6, 触摸宝藏生成 · 立即生效",500000,,,,TRUE,DefaultGems.ini
TRA_GrabBag_SmallGem,,,转轮(随机宝石包),BattleEffectValue=100	; Reward Level,100000,,,,TRUE,DefaultRandomItems.ini
TRA_GrabBag_MediumGem,,,转轮(随机宝石包),BattleEffectValue=600	; Reward Level,1400000,,,,TRUE,DefaultRandomItems.ini
TRA_GrabBag_LargeGem,,,转轮(随机宝石包),BattleEffectValue=40000	; Reward Level,1400000,,,,TRUE,DefaultRandomItems.ini
